Workbook

Sheet Итог
A1: Вводные данные
A2: N | B2: 1000
A3: MDE | B3: 1000
A4: Итоговые результаты
A5: Положительный исход | B5: =SUM(positive[Прирост выручки]) -> 262661.74
A6: Отрицательный исход | B6: =SUM(negative[Потери выручки]) -> -25323.804
A7: Баланс | B7: =B5+B6 -> 237337.93
A8: Количество наблюдений | B8: =SUM(neutral[n_per_group]) -> 4337

Sheet all
A1: city | B1: id_trading_point | C1: count_test | D1: count_control | E1: count_all | F1: percent_count | G1: avg_payment_test | H1: avg_payment_control | I1: diff | J1: sigma_test | K1: sigma_control | L1: ttest | M1: pvalue_ttest | N1: label
A2: Красноярск | B2: 212 | C2: 593 | D2: 575 | E2: 1168 | F2: 2.55 | G2: 2144.32 | H2: 2222.05 | I2: -77.74 | J2: 2708.59 | K2: 2785.12 | L2: -0.48337766 | M2: 0.6289 | N2: neutral
A3: Нижний Новгород | B3: 13 | C3: 142 | D3: 150 | E3: 292 | F3: 0.64 | G3: 1970.55 | H3: 2336.19 | I3: -365.64 | J3: 2575.94 | K3: 2709.9 | L3: -1.1820261 | M3: 0.2382 | N3: neutral
A4: Мурманск | B4: 54 | C4: 633 | D4: 640 | E4: 1273 | F4: 2.78 | G4: 1702.71 | H4: 1688.51 | I4: 14.2 | J4: 2565.13 | K4: 2628.01 | L4: 0.097568657 | M4: 0.9223 | N4: neutral
A5: Казань | B5: 991 | C5: 270 | D5: 294 | E5: 564 | F5: 1.23 | G5: 3249.28 | H5: 2452.99 | I5: 796.3 | J5: 4719.59 | K5: 3633.94 | L5: 2.2308162 | M5: 0.02613 | N5: positive
A6: Санкт-Петербург | B6: 453 | C6: 1066 | D6: 1049 | E6: 2115 | F6: 4.61 | G6: 2501.97 | H6: 1889.92 | I6: 612.04 | J6: 2993.44 | K6: 2648.66 | L6: 4.9817858 | M6: 6.817e-07 | N6: positive
A7: Москва | B7: 2652 | C7: 2273 | D7: 2370 | E7: 4643 | F7: 10.13 | G7: 2508.89 | H7: 1972.85 | I7: 536.04 | J7: 2846.64 | K7: 2565.88 | L7: 6.7305696 | M7: 1.9e-11 | N7: positive
A8: Красноярск | B8: 278 | C8: 535 | D8: 489 | E8: 1024 | F8: 2.23 | G8: 2499.35 | H8: 2185.21 | I8: 314.13 | J8: 2916 | K8: 2574.92 | L8: 1.8304259 | M8: 0.06748 | N8: neutral
A9: Москва | B9: 6543 | C9: 662 | D9: 689 | E9: 1351 | F9: 2.95 | G9: 1715.49 | H9: 1528.33 | I9: 187.16 | J9: 2457.37 | K9: 2338.52 | L9: 1.432978 | M9: 0.1521 | N9: neutral
A10: Казань | B10: 699 | C10: 482 | D10: 494 | E10: 976 | F10: 2.13 | G10: 2422.29 | H10: 2574.35 | I10: -152.07 | J10: 3906.82 | K10: 4082.85 | L10: -0.59457605 | M10: 0.5523 | N10: neutral
A11: Казань | B11: 477 | C11: 382 | D11: 386 | E11: 768 | F11: 1.68 | G11: 2259.62 | H11: 2496.99 | I11: -237.36 | J11: 3482.85 | K11: 3881.99 | L11: -0.89209603 | M11: 0.3726 | N11: neutral
A12: Казань | B12: 544 | C12: 377 | D12: 416 | E12: 793 | F12: 1.73 | G12: 2621.43 | H12: 2635.55 | I12: -14.12 | J12: 3714.89 | K12: 4639.82 | L12: -0.047506013 | M12: 0.9621 | N12: neutral
A13: Саратов | B13: 80 | C13: 844 | D13: 880 | E13: 1724 | F13: 3.76 | G13: 2517.33 | H13: 2511.97 | I13: 5.36 | J13: 2797.12 | K13: 2824.72 | L13: 0.039566202 | M13: 0.9684 | N13: neutral
... A54: Москва | B54: 1002 | C54: 138 | D54: 188 | E54: 326 | F54: 0.71 | G54: 4144.86 | H54: 1844.79 | I54: 2300.07 | J54: 4069.77 | K54: 2436.54 | L54: 5.9073243 | M54: 1.402e-08 | N54: positive

Sheet positive
A1: city | B1: id_trading_point | C1: count_test | D1: count_control | E1: count_all | F1: percent_count | G1: avg_payment_test | H1: avg_payment_control | I1: diff | J1: sigma_test | K1: sigma_control | L1: ttest | M1: pvalue_ttest | N1: label | O1: share | P1: Clients_N | Q1: Прирост выручки
A2: Казань | B2: 991 | C2: 270 | D2: 294 | E2: 564 | F2: 1.23 | G2: 3249.28 | H2: 2452.99 | I2: 796.3 | J2: 4719.59 | K2: 3633.94 | L2: 2.2308162 | M2: 0.02613 | N2: positive | O2: =positive[[#This Row],[percent_count]]/100 -> 0.0123 | P2: =positive[[#This Row],[share]]*Итог!$B$2 -> 12.3 | Q2: =positive[[#This Row],[Clients_N]]*positive[[#This Row],[diff]] -> 9794.49
A3: Санкт-Петербург | B3: 453 | C3: 1066 | D3: 1049 | E3: 2115 | F3: 4.61 | G3: 2501.97 | H3: 1889.92 | I3: 612.04 | J3: 2993.44 | K3: 2648.66 | L3: 4.9817858 | M3: 6.817e-07 | N3: positive | O3: =positive[[#This Row],[percent_count]]/100 -> 0.0461 | P3: =positive[[#This Row],[share]]*Итог!$B$2 -> 46.1 | Q3: =positive[[#This Row],[Clients_N]]*positive[[#This Row],[diff]] -> 28215.044
A4: Москва | B4: 2652 | C4: 2273 | D4: 2370 | E4: 4643 | F4: 10.13 | G4: 2508.89 | H4: 1972.85 | I4: 536.04 | J4: 2846.64 | K4: 2565.88 | L4: 6.7305696 | M4: 1.9e-11 | N4: positive | O4: =positive[[#This Row],[percent_count]]/100 -> 0.1013 | P4: =positive[[#This Row],[share]]*Итог!$B$2 -> 101.3 | Q4: =positive[[#This Row],[Clients_N]]*positive[[#This Row],[diff]] -> 54300.852
A5: Владимир | B5: 11 | C5: 509 | D5: 608 | E5: 1117 | F5: 2.44 | G5: 2547.22 | H5: 2108.61 | I5: 438.61 | J5: 3023.7 | K5: 2663.04 | L5: 2.5482348 | M5: 0.01097 | N5: positive | O5: =positive[[#This Row],[percent_count]]/100 -> 0.0244 | P5: =positive[[#This Row],[share]]*Итог!$B$2 -> 24.4 | Q5: =positive[[#This Row],[Clients_N]]*positive[[#This Row],[diff]] -> 10702.084
A6: Москва | B6: 1287 | C6: 370 | D6: 357 | E6: 727 | F6: 1.59 | G6: 2143.49 | H6: 1394.66 | I6: 748.83 | J6: 2441.22 | K6: 2338.46 | L6: 4.2242596 | M6: 2.703e-05 | N6: positive | O6: =positive[[#This Row],[percent_count]]/100 -> 0.0159 | P6: =positive[[#This Row],[share]]*Итог!$B$2 -> 15.9 | Q6: =positive[[#This Row],[Clients_N]]*positive[[#This Row],[diff]] -> 11906.397
A7: Санкт-Петербург | B7: 801 | C7: 225 | D7: 212 | E7: 437 | F7: 0.95 | G7: 2925.14 | H7: 2352.28 | I7: 572.86 | J7: 2774.29 | K7: 2928.29 | L7: 2.0966141 | M7: 0.03661 | N7: positive | O7: =positive[[#This Row],[percent_count]]/100 -> 0.0095 | P7: =positive[[#This Row],[share]]*Итог!$B$2 -> 9.5 | Q7: =positive[[#This Row],[Clients_N]]*positive[[#This Row],[diff]] -> 5442.17
A8: Самара | B8: 33 | C8: 232 | D8: 258 | E8: 490 | F8: 1.07 | G8: 4598.22 | H8: 2311.39 | I8: 2286.83 | J8: 2931.23 | K8: 2371.77 | L8: 9.4276462 | M8: 2.33e-19 | N8: positive | O8: =positive[[#This Row],[percent_count]]/100 -> 0.0107 | P8: =positive[[#This Row],[share]]*Итог!$B$2 -> 10.7 | Q8: =positive[[#This Row],[Clients_N]]*positive[[#This Row],[diff]] -> 24469.081
A9: Самара | B9: 34 | C9: 225 | D9: 253 | E9: 478 | F9: 1.04 | G9: 3104.51 | H9: 1752.61 | I9: 1351.9 | J9: 2956.83 | K9: 2529.7 | L9: 5.3375523 | M9: 1.507e-07 | N9: positive | O9: =positive[[#This Row],[percent_count]]/100 -> 0.0104 | P9: =positive[[#This Row],[share]]*Итог!$B$2 -> 10.4 | Q9: =positive[[#This Row],[Clients_N]]*positive[[#This Row],[diff]] -> 14059.76
A10: Санкт-Петербург | B10: 573 | C10: 177 | D10: 160 | E10: 337 | F10: 0.74 | G10: 2929.05 | H10: 1641.21 | I10: 1287.83 | J10: 3201.1 | K10: 2619.04 | L10: 4.0570154 | M10: 6.202e-05 | N10: positive | O10: =positive[[#This Row],[percent_count]]/100 -> 0.0074 | P10: =positive[[#This Row],[share]]*Итог!$B$2 -> 7.4 | Q10: =positive[[#This Row],[Clients_N]]*positive[[#This Row],[diff]] -> 9529.942
A11: Санкт-Петербург | B11: 900 | C11: 335 | D11: 341 | E11: 676 | F11: 1.47 | G11: 2450.99 | H11: 1689.79 | I11: 761.2 | J11: 2865.61 | K11: 2492.47 | L11: 3.6823738 | M11: 0.00025 | N11: positive | O11: =positive[[#This Row],[percent_count]]/100 -> 0.0147 | P11: =positive[[#This Row],[share]]*Итог!$B$2 -> 14.7 | Q11: =positive[[#This Row],[Clients_N]]*positive[[#This Row],[diff]] -> 11189.64
A12: Самара | B12: 35 | C12: 214 | D12: 194 | E12: 408 | F12: 0.89 | G12: 2762.22 | H12: 1508.84 | I12: 1253.39 | J12: 2977.08 | K12: 2184.81 | L12: 4.8780315 | M12: 1.564e-06 | N12: positive | O12: =positive[[#This Row],[percent_count]]/100 -> 0.0089 | P12: =positive[[#This Row],[share]]*Итог!$B$2 -> 8.9 | Q12: =positive[[#This Row],[Clients_N]]*positive[[#This Row],[diff]] -> 11155.171
A13: Санкт-Петербург | B13: 117 | C13: 625 | D13: 587 | E13: 1212 | F13: 2.64 | G13: 2582.3 | H13: 2050.69 | I13: 531.61 | J13: 2835 | K13: 2595.74 | L13: 3.4075863 | M13: 0.000677 | N13: positive | O13: =positive[[#This Row],[percent_count]]/100 -> 0.0264 | P13: =positive[[#This Row],[share]]*Итог!$B$2 -> 26.4 | Q13: =positive[[#This Row],[Clients_N]]*positive[[#This Row],[diff]] -> 14034.504
... A18: Москва | B18: 1002 | C18: 138 | D18: 188 | E18: 326 | F18: 0.71 | G18: 4144.86 | H18: 1844.79 | I18: 2300.07 | J18: 4069.77 | K18: 2436.54 | L18: 5.9073243 | M18: 1.402e-08 | N18: positive | O18: =positive[[#This Row],[percent_count]]/100 -> 0.0071 | P18: =positive[[#This Row],[share]]*Итог!$B$2 -> 7.1 | Q18: =positive[[#This Row],[Clients_N]]*positive[[#This Row],[diff]] -> 16330.497

Sheet negative
A1: city | B1: id_trading_point | C1: count_test | D1: count_control | E1: count_all | F1: percent_count | G1: avg_payment_test | H1: avg_payment_control | I1: diff | J1: sigma_test | K1: sigma_control | L1: ttest | M1: pvalue_ttest | N1: label | O1: Share | P1: Clients | Q1: Потери выручки
A2: Волгоград | B2: 66 | C2: 657 | D2: 703 | E2: 1360 | F2: 2.97 | G2: 2288.87 | H2: 2601.76 | I2: -312.89 | J2: 2682.57 | K2: 2830.19 | L2: -2.0930602 | M2: 0.03653 | N2: negative | O2: =negative[[#This Row],[percent_count]]/100 -> 0.0297 | P2: =negative[[#This Row],[Share]]*Итог!$B$2 -> 29.7 | Q2: =negative[[#This Row],[diff]]*negative[[#This Row],[Clients]] -> -9292.833
A3: Краснодар | B3: 1101 | C3: 785 | D3: 869 | E3: 1654 | F3: 3.61 | G3: 2176 | H3: 2523.58 | I3: -347.58 | J3: 2722.62 | K3: 2960.35 | L3: -2.4872701 | M3: 0.01297 | N3: negative | O3: =negative[[#This Row],[percent_count]]/100 -> 0.0361 | P3: =negative[[#This Row],[Share]]*Итог!$B$2 -> 36.1 | Q3: =negative[[#This Row],[diff]]*negative[[#This Row],[Clients]] -> -12547.638
A4: Москва | B4: 9931 | C4: 153 | D4: 137 | E4: 290 | F4: 0.63 | G4: 1415.78 | H4: 1968.69 | I4: -552.91 | J4: 2038.16 | K4: 2403.4 | L4: -2.100116 | M4: 0.03665 | N4: negative | O4: =negative[[#This Row],[percent_count]]/100 -> 0.0063 | P4: =negative[[#This Row],[Share]]*Итог!$B$2 -> 6.3 | Q4: =negative[[#This Row],[diff]]*negative[[#This Row],[Clients]] -> -3483.333

Sheet neutral
A1: city | B1: id_trading_point | C1: count_test | D1: count_control | E1: count_all | F1: percent_count | G1: avg_payment_test | H1: avg_payment_control | I1: diff | J1: sigma_test | K1: sigma_control | L1: ttest | M1: pvalue_ttest | N1: label | O1: n_per_group
A2: Красноярск | B2: 212 | C2: 593 | D2: 575 | E2: 1168 | F2: 2.55 | G2: 2144.32 | H2: 2222.05 | I2: -77.74 | J2: 2708.59 | K2: 2785.12 | L2: -0.48337766 | M2: 0.6289 | N2: neutral | O2: =ROUND(2*neutral[[#This Row],[sigma_control]]^2 * (_xlfn.NORM.S.INV(1-0.05/2) + _xlfn.NORM.S.INV(0.8))^2 / (Итог!$B$3^2),0) -> 122
A3: Нижний Новгород | B3: 13 | C3: 142 | D3: 150 | E3: 292 | F3: 0.64 | G3: 1970.55 | H3: 2336.19 | I3: -365.64 | J3: 2575.94 | K3: 2709.9 | L3: -1.1820261 | M3: 0.2382 | N3: neutral | O3: =ROUND(2*neutral[[#This Row],[sigma_control]]^2 * (_xlfn.NORM.S.INV(1-0.05/2) + _xlfn.NORM.S.INV(0.8))^2 / (Итог!$B$3^2),0) -> 115
A4: Мурманск | B4: 54 | C4: 633 | D4: 640 | E4: 1273 | F4: 2.78 | G4: 1702.71 | H4: 1688.51 | I4: 14.2 | J4: 2565.13 | K4: 2628.01 | L4: 0.097568657 | M4: 0.9223 | N4: neutral | O4: =ROUND(2*neutral[[#This Row],[sigma_control]]^2 * (_xlfn.NORM.S.INV(1-0.05/2) + _xlfn.NORM.S.INV(0.8))^2 / (Итог!$B$3^2),0) -> 108
A5: Красноярск | B5: 278 | C5: 535 | D5: 489 | E5: 1024 | F5: 2.23 | G5: 2499.35 | H5: 2185.21 | I5: 314.13 | J5: 2916 | K5: 2574.92 | L5: 1.8304259 | M5: 0.06748 | N5: neutral | O5: =ROUND(2*neutral[[#This Row],[sigma_control]]^2 * (_xlfn.NORM.S.INV(1-0.05/2) + _xlfn.NORM.S.INV(0.8))^2 / (Итог!$B$3^2),0) -> 104
A6: Москва | B6: 6543 | C6: 662 | D6: 689 | E6: 1351 | F6: 2.95 | G6: 1715.49 | H6: 1528.33 | I6: 187.16 | J6: 2457.37 | K6: 2338.52 | L6: 1.432978 | M6: 0.1521 | N6: neutral | O6: =ROUND(2*neutral[[#This Row],[sigma_control]]^2 * (_xlfn.NORM.S.INV(1-0.05/2) + _xlfn.NORM.S.INV(0.8))^2 / (Итог!$B$3^2),0) -> 86
A7: Казань | B7: 699 | C7: 482 | D7: 494 | E7: 976 | F7: 2.13 | G7: 2422.29 | H7: 2574.35 | I7: -152.07 | J7: 3906.82 | K7: 4082.85 | L7: -0.59457605 | M7: 0.5523 | N7: neutral | O7: =ROUND(2*neutral[[#This Row],[sigma_control]]^2 * (_xlfn.NORM.S.INV(1-0.05/2) + _xlfn.NORM.S.INV(0.8))^2 / (Итог!$B$3^2),0) -> 262
A8: Казань | B8: 477 | C8: 382 | D8: 386 | E8: 768 | F8: 1.68 | G8: 2259.62 | H8: 2496.99 | I8: -237.36 | J8: 3482.85 | K8: 3881.99 | L8: -0.89209603 | M8: 0.3726 | N8: neutral | O8: =ROUND(2*neutral[[#This Row],[sigma_control]]^2 * (_xlfn.NORM.S.INV(1-0.05/2) + _xlfn.NORM.S.INV(0.8))^2 / (Итог!$B$3^2),0) -> 237
A9: Казань | B9: 544 | C9: 377 | D9: 416 | E9: 793 | F9: 1.73 | G9: 2621.43 | H9: 2635.55 | I9: -14.12 | J9: 3714.89 | K9: 4639.82 | L9: -0.047506013 | M9: 0.9621 | N9: neutral | O9: =ROUND(2*neutral[[#This Row],[sigma_control]]^2 * (_xlfn.NORM.S.INV(1-0.05/2) + _xlfn.NORM.S.INV(0.8))^2 / (Итог!$B$3^2),0) -> 338
A10: Саратов | B10: 80 | C10: 844 | D10: 880 | E10: 1724 | F10: 3.76 | G10: 2517.33 | H10: 2511.97 | I10: 5.36 | J10: 2797.12 | K10: 2824.72 | L10: 0.039566202 | M10: 0.9684 | N10: neutral | O10: =ROUND(2*neutral[[#This Row],[sigma_control]]^2 * (_xlfn.NORM.S.INV(1-0.05/2) + _xlfn.NORM.S.INV(0.8))^2 / (Итог!$B$3^2),0) -> 125
A11: Тольятти | B11: 88 | C11: 190 | D11: 167 | E11: 357 | F11: 0.78 | G11: 2902.41 | H11: 2439.46 | I11: 462.95 | J11: 3074.65 | K11: 2689.34 | L11: 1.5175501 | M11: 0.13 | N11: neutral | O11: =ROUND(2*neutral[[#This Row],[sigma_control]]^2 * (_xlfn.NORM.S.INV(1-0.05/2) + _xlfn.NORM.S.INV(0.8))^2 / (Итог!$B$3^2),0) -> 114
A12: Тюмень | B12: 19 | C12: 130 | D12: 146 | E12: 276 | F12: 0.6 | G12: 2043.82 | H12: 1743.38 | I12: 300.45 | J12: 2442.27 | K12: 2891.33 | L12: 0.93551606 | M12: 0.3503 | N12: neutral | O12: =ROUND(2*neutral[[#This Row],[sigma_control]]^2 * (_xlfn.NORM.S.INV(1-0.05/2) + _xlfn.NORM.S.INV(0.8))^2 / (Итог!$B$3^2),0) -> 131
A13: Санкт-Петербург | B13: 112 | C13: 652 | D13: 683 | E13: 1335 | F13: 2.91 | G13: 2488.12 | H13: 2218.64 | I13: 269.48 | J13: 2778.18 | K13: 2780.79 | L13: 1.7707507 | M13: 0.07683 | N13: neutral | O13: =ROUND(2*neutral[[#This Row],[sigma_control]]^2 * (_xlfn.NORM.S.INV(1-0.05/2) + _xlfn.NORM.S.INV(0.8))^2 / (Итог!$B$3^2),0) -> 121
... A34: Москва | B34: 3786 | C34: 237 | D34: 278 | E34: 515 | F34: 1.12 | G34: 2636.66 | H34: 2688.23 | I34: -51.57 | J34: 2713.06 | K34: 3292.94 | L34: -0.19483608 | M34: 0.8456 | N34: neutral | O34: =ROUND(2*neutral[[#This Row],[sigma_control]]^2 * (_xlfn.NORM.S.INV(1-0.05/2) + _xlfn.NORM.S.INV(0.8))^2 / (Итог!$B$3^2),0) -> 170
